URL,Title,Description,Domain,Is_New_Domain(30d),Monetization
https://www.youtube.com/watch?v=tDILAYlYJLg,- YouTube,"Enjoy the videos and music you love, upload original content, and share it all with friends, family, and the world on YouTube.",youtube.com,Error,
https://www.youtube.com/watch?v=7tKOnVF0VgA,- YouTube,"Enjoy the videos and music you love, upload original content, and share it all with friends, family, and the world on YouTube.",youtube.com,Error,
https://www.youtube.com/watch?v=z82LY7zECLQ,- YouTube,"Enjoy the videos and music you love, upload original content, and share it all with friends, family, and the world on YouTube.",youtube.com,Error,
https://www.youtube.com/watch?v=bixA4VBnxVc,- YouTube,"Enjoy the videos and music you love, upload original content, and share it all with friends, family, and the world on YouTube.",youtube.com,Error,
https://www.ign.com/articles/best-gaming-deals-amazon-prime-day-2025,50+ Best Gaming Deals for Amazon Prime Day 2025,Here's every video game deal we could find (that's worth mentioning) in Amazon's 2025 Prime Day sale.,ign.com,Error,
https://www.gamingbible.com/news/platform/steam/steam-drops-4-more-free-games-290705-20250709,"Steam drops 4 more free games, yours to keep forever","Four free games can be yours right this second, but maybe only one of them is actually worth trying.",gamingbible.com,Error,
https://www.gameinformer.com/,Game Informer,"Game Informer is your source for the latest in video game news, reviews, previews, podcasts, and features.",gameinformer.com,Error,
https://www.gameinformer.com/reviews,Reviews - Game Informer,"Game Informer is your source for the latest in video game news, reviews, previews, podcasts, and features.",gameinformer.com,Error,
https://www.gameinformer.com/magazine-archive,Game Informer Magazine Archives - Game Informer,No Description Found,gameinformer.com,Error,
https://www.gameinformer.com/letter-from-the-editor/2025/03/25/game-informer-is-back,Game Informer Is Back - Game Informer,"The whole team has returned, and we can’t wait to connect with you again.",gameinformer.com,Error,
https://www.gameinformer.com/feature/2025/05/06/ranking-every-single-rockstar-game,Ranking Every Single Rockstar Game - Game Informer,"From tense table tennis battles to blazing down the neon roads of Vice City, we rank the Rockstar Games catalog from worst to best.",gameinformer.com,Error,
https://www.pcgamer.com/games/can-you-guess-the-pc-game-based-only-on-the-health-bar/,Can you guess the PC game based only on the health bar? | PC Gamer,Test your memory of the humble health bar.,pcgamer.com,Error,
https://www.nytimes.com/games/wordle/index.html,Wordle — The New York Times,No Description Found,nytimes.com,Error,Google AdSense
https://gamefound.com/en,Error - Could not fetch,403 Client Error: Forbidden for url: https://gamefound.com/en,,,
https://www.ign.com/,"Video Game News, Reviews, and Walkthroughs - IGN","IGN is your #1 destination for all video game news, expert reviews, and walkthroughs.",ign.com,Error,
https://www.facebook.com/groups/theboardgamegroup/,Error - Could not fetch,400 Client Error: Bad Request for url: https://www.facebook.com/login/?next=https%3A%2F%2Fwww.facebook.com%2Fgroups%2Ftheboardgamegroup%2F,,,
https://boardgamegeek.com/thread/3539756/board-game-films,Board game films,"I think it's wonderful how successful nintendo were turning mario into a movie.
I wanted to know have there been any board games first that then got turned into a movie? Or is there any board games that you wish would be turned into a film one day?
I",boardgamegeek.com,Error,
https://gamerant.com/,"Game Rant - Breaking News, Reviews & Everything Else in the World of Video Games","Game Rant delivers content written by gamers for gamers with an emphasis on news, reviews, unique features, and interviews.",gamerant.com,Error,
https://www.theguardian.com/games/2025/jul/09/in-the-industry-fight-against-ai-developers-are-striving-to-offer-authenticity-and-inclusion,The game developers striving to offer authenticity and inclusion in the face of AI | Games | The Guardian,"At the Develop conference in Brighton this week, talk turns from cancelled deals and job cuts to replicating real human experiences and telling stories about diverse characters",theguardian.com,Error,
https://www.youtube.com/watch?v=rXI4iLcUPAU,- YouTube,"Enjoy the videos and music you love, upload original content, and share it all with friends, family, and the world on YouTube.",youtube.com,Error,
https://www.tuesdayknightgames.com/?srsltid=AfmBOoqhVbaVCxY7HZBvUtKLYXenBzwM6TNPYe4OoxyrUI05P-R3OwlS,"Tuesday Knight Games | Roleplaying Games, Tabletop Games, Board Games","Looking to buy awesome tabletop board games like Two Rooms and a Boom, That's Not Lemonade!, World Championship Russian Roulette? Or maybe you're looking for our sci-fi horror RPG (roleplaying game) Mothership and modules like Dead Planet, A Pound of Flesh, Gradient Descent? Then you're in the right place!",tuesdayknightgames.com,Error,
https://forums.ea.com/discussions/apex-legends-technical-issues-en/enable-to-launch-the-game/12326899,Enable to launch the game | EA Forums - 12326899,"Hello, after multiple months without playing I wanted to play again..So I downloaded all the last updates but I can’t launch the game. It keeps spinning on... - 12326899",ea.com,Error,
https://www.nytimes.com/games/connections,Connections — The New York Times,No Description Found,nytimes.com,Error,Google AdSense
https://www.theatlantic.com/games/bracket-city/,Bracket City - The Atlantic,Solve nested clues to reveal a satisfying fact about this day in history. Climb the ranks from tourist to kingmaker (or beyond?).,theatlantic.com,Error,
https://en.wikipedia.org/wiki/Video_game_addiction,Video game addiction - Wikipedia,No Description Found,wikipedia.org,Error,
https://variety.com/2025/gaming/news/fallout-season-2-fishing-tips-video-game-76-1236451304/,"'Fallout' Devs on Season 2 Game Tie-Ins, 'Fallout 76' Fishing Tips","""Fallout 76"" developers are prepping updates tied to ""Fallout"" Season 2, as well as the game studio's own fresh game-specific features.",variety.com,Error,
https://warthunder.com/,"War Thunder — Realistic Military Vehicles Online Combat Game for PC, Xbox and PlayStation. Play for Free",Play for free with friends in the most realistic online game,warthunder.com,Error,
https://community.roku.com/discussions/apps-and-viewing/app-game/1083897,App Game | Roku Community,Not sure if this is the appropriate place to leave this but I’m just putting this out here so i don’t forget and I’ll check later to make sure this is the...,roku.com,Error,
https://idfg.idaho.gov/sites/default/files/seasons-rules-big-game-2025.pdf,No Title Found,No Description Found,idaho.gov,Error,
https://www.youtube.com/watch?v=Vs-nWtnZaIE,- YouTube,"Enjoy the videos and music you love, upload original content, and share it all with friends, family, and the world on YouTube.",youtube.com,Error,
https://devforum.roblox.com/t/rasterized-drawing-game/3807126,Rasterized Drawing Game - Creations Feedback - Developer Forum | Roblox,"HEY! This is my version of a precise rasterized drawing game on Roblox, I’m looking for general feedback, specifically quality of life changes or features that you artists would love to see that are not on Roblox. I alre&hellip;",roblox.com,Error,
https://x.com/gamedigital,No Title Found,No Description Found,x.com,Error,
https://gamesbeat.com/,"GamesBeat - Leading B2B outlet for gaming, media & tech","Leading B2B outlet for gaming, media & tech",gamesbeat.com,Error,Google AdSense
https://forums.ea.com/discussions/skate-en/is-truck-sensitivity-in-the-game-yet/12328090,Is Truck Sensitivity in the game yet? | EA Forums - 12328090,I was just curious if Truck sensitivity (the loose or tightness of the trucks) is in the current playtest or if it will be added later!&nbsp;Also Dark... - 12328090,ea.com,Error,
https://asgardgames.net/,Asgard Games,No Description Found,asgardgames.net,Error,
https://www.mlb.com/live-stream-games,MLB.TV Media Center | MLB.com,No Description Found,mlb.com,Error,
https://us.forums.blizzard.com/en/overwatch/t/game-disrespects-player-time-so-much-now/972738,Game disrespects player time so much now - General Discussion - Overwatch Forums,"It used to be you could queue for competitive and then you play the game. 
Now we have to wait up to 5 minutes for the queue to pop, complete the pre-match map voting mini-game, followed by the pre-match pick your hero p&hellip;",blizzard.com,Error,
https://videogamegeek.com/,VideoGameGeek,No Description Found,videogamegeek.com,Error,
https://www.boardgamebliss.com/?srsltid=AfmBOorAimVgtG6xOVFXkZBgtn2F3Ct2Vg2vwfKpcCAgza8YPIJr_Ntu,Buy Board Games Online in Canada – Board Game Bliss,"Discover modern board games at BoardGameBliss! Dive into a world of strategy, family fun, and exclusive titles. Join our game nights and events. With a vast selection, we cater to all gamers. Shop online or in-store at Richmond Hill, ON, for your next gaming adventure. Follow us for the latest releases and specials",boardgamebliss.com,Error,
https://boardgamegeek.com/thread/3539578/changes-in-myself-in-relation-to-board-gaming-in-t,Changes in myself in relation to board gaming in the last 4 years,So my phone had reminded me that I took my first picture of my collection exactly 4 years ago (which happened to be when I first got into buying/selling/trading games). This was also when I began to more seriously get into boardgames (although I started playing Catan and,boardgamegeek.com,Error,
https://word.tips/crossword-solver/ny-times-mini/party-game-with-accusations-from-villagers,"Party game with accusations from ""villagers"" - Crossword Clue Answer - July 10 2025","Party game with accusations from ""villagers"" Crossword Clue Answer with 5 letters for New York Times Mini on July 10 2025",word.tips,Error,
https://www.mlb.com/video/ronald-acuna-jr-s-two-homer-game-x6235,Ronald Acuña Jr.'s two-homer game  | 07/09/2025 | MLB.com,"Ronald Acuña Jr. hits a pair of home runs, including a leadoff homer, in the Braves' 9-2 win against the Athletics",mlb.com,Error,
https://steamcommunity.com/app/3183280,Steam Community :: Game of Thrones: Kingsroad,No Description Found,steamcommunity.com,Error,
https://www.eurogamer.net/,Eurogamer.net,"Your trusted source for video game news, reviews and guides, since 1999.",eurogamer.net,Error,
https://www.thegamer.com/,"TheGamer - The Leading Source for Gaming News, Reviews, and Interviews","TheGamer delivers the biggest video game news, in-depth interviews, honest reviews, timely previews, and surprising stories.",thegamer.com,Error,
https://sports.yahoo.com/,"Yahoo Sports: News, Scores, Video, Fantasy Games, Schedules & More - Yahoo Sports","Sports News, Scores, Fantasy Games",yahoo.com,Error,
https://www.instagram.com/theworldgames/?hl=en,Instagram,No Description Found,instagram.com,Error,
https://store.steampowered.com/app/3349970/Gamestonk_Simulator_Gone_Rogue/,Gamestonk Simulator: Gone Rogue on Steam,No Description Found,steampowered.com,Error,
https://neocoregames.com/de/community/hub/new-update-has-made-game-unplayable-on-xbox,New update has made game unplayable on xbox - Community -  NeocoreGames,No Description Found,neocoregames.com,Error,
https://comicbook.com/gaming/news/nintendo-switch-overwhelmingly-positive-soma-horror-game/,"Nintendo Switch Finally Getting ""Overwhelmingly Positive"" Rated Horror Game - ComicBook.com","Nintendo Switch is adding a highly-praised horror game this month, more than a decade after it was released on other platforms.",comicbook.com,Error,
https://www.resetera.com/threads/nintendo-switch-game-vouchers-ending-30th-of-january-2026-at-23-59-in-japan-likely-the-same-elsewhere.1240071/,NIntendo Switch Game Vouchers ending 30th of January 2026 at 23:59 in Japan (likely the same elsewhere) | ResetEra,"https://support.nintendo.com/jp/information/2025/0710/index.html?utm_source=twitter&utm_medium=social&utm_content=20250710&utm_campaign=support

Nintendo...",resetera.com,Error,Google AdSense
https://www.youtube.com/watch?v=LI9WRXv8Ec0,- YouTube,"Enjoy the videos and music you love, upload original content, and share it all with friends, family, and the world on YouTube.",youtube.com,Error,
https://thecozygamingnook.com/,The Cozy Gaming Nook - The Cozy Gaming Nook,Dive into comfort gaming at The Cozy Gaming Nook. Explore games that embrace warmth and relaxation. Join us in the joy of cozy game play!,thecozygamingnook.com,Error,
https://dictionary.cambridge.org/games/,Games Hub - Cambridge Dictionary | v0.20.0,Explore games in Cambridge Dictionary to improve your language skills,cambridge.org,Error,
https://www.reddit.com/r/subnautica/comments/1lvvetl/you_will_pay_for_this_game_and_then_pay_for_it/,Error - Could not fetch,403 Client Error: Blocked for url: https://www.reddit.com/r/subnautica/comments/1lvvetl/you_will_pay_for_this_game_and_then_pay_for_it/,N/A,N/A,N/A
https://www.reddit.com/r/Breath_of_the_Wild/comments/1lvydoo/i_buy_this_game/,Error - Could not fetch,403 Client Error: Blocked for url: https://www.reddit.com/r/Breath_of_the_Wild/comments/1lvydoo/i_buy_this_game/,N/A,N/A,N/A
https://www.reddit.com/r/gaming/comments/1lvtedv/peak_went_from_a_canceled_game_that_couldnt_get/,Error - Could not fetch,403 Client Error: Blocked for url: https://www.reddit.com/r/gaming/comments/1lvtedv/peak_went_from_a_canceled_game_that_couldnt_get/,N/A,N/A,N/A
https://www.youtube.com/watch?v=mgqu6TxhGcg,- YouTube,"Enjoy the videos and music you love, upload original content, and share it all with friends, family, and the world on YouTube.",youtube.com,False,None
https://www.youtube.com/watch?v=IB291P7rmTU,- YouTube,"Enjoy the videos and music you love, upload original content, and share it all with friends, family, and the world on YouTube.",youtube.com,False,None
https://www.gamestop.com/,Error - Could not fetch,403 Client Error: Forbidden for url: https://www.gamestop.com/,N/A,N/A,N/A
https://www.gamestop.com/stores/,Error - Could not fetch,403 Client Error: Forbidden for url: https://www.gamestop.com/stores/,N/A,N/A,N/A
https://www.gamestop.com/trade/,Error - Could not fetch,403 Client Error: Forbidden for url: https://www.gamestop.com/trade/,N/A,N/A,N/A
https://www.gamestop.com/preowned,Error - Could not fetch,403 Client Error: Forbidden for url: https://www.gamestop.com/preowned,N/A,N/A,N/A
https://www.gamestop.com/deals,Error - Could not fetch,403 Client Error: Forbidden for url: https://www.gamestop.com/deals,N/A,N/A,N/A
https://www.youtube.com/watch?v=yUuY4UmkZY4,- YouTube,"Enjoy the videos and music you love, upload original content, and share it all with friends, family, and the world on YouTube.",youtube.com,False,None
https://www.youtube.com/watch?v=4r6dlr0tyK0,- YouTube,"Enjoy the videos and music you love, upload original content, and share it all with friends, family, and the world on YouTube.",youtube.com,False,None
https://www.gamesradar.com/games/action/indiana-jones-and-the-great-circle-being-a-first-person-only-game-was-a-given-from-the-start-because-if-youre-going-to-be-indiana-jones-you-need-to-look-through-his-eyes/,"Indiana Jones and the Great Circle being a first-person only game ""was a given"" from the start because ""if you're going to be Indiana Jones, you need to look through his eyes"" | GamesRadar+","""It took years"" to nail that element of the game, says MachineGames",gamesradar.com,False,None
https://metro.co.uk/2025/07/10/games-inbox-best-superhero-game-23624423/,Games Inbox: What's the best superhero game? | Metro News,"Thursday’s Inbox asks which is the best superhero game out of Batman and Spider-Man, as a reader asks if Death Stranding 2 has been a hit.",co.uk,False,None
https://www.instagram.com/woosung.boardgames/?hl=en,Instagram,No Description Found,instagram.com,False,None
https://www.theguardian.com/games/2025/jul/10/cosy-video-games-non-violent-cooking-farming-cozy,Cosy video games are on an unstoppable rise. Will they unleash a darker side? | Games | The Guardian,"Non-violent games about cooking, farming or tidying now rival the more traditional video game pursuits of shooting and fighting in popularity. So what will the #cozy genre tackle next?",theguardian.com,False,None
https://www.youtube.com/watch?v=gWnl5eNTR9g,- YouTube,"Enjoy the videos and music you love, upload original content, and share it all with friends, family, and the world on YouTube.",youtube.com,False,None
https://www.instagram.com/reel/DL70aNETD8E/,Instagram,No Description Found,instagram.com,False,None
https://x.com/957thegame,No Title Found,No Description Found,x.com,False,None
https://www.youtube.com/watch?v=muz9B8PpWA0,- YouTube,"Enjoy the videos and music you love, upload original content, and share it all with friends, family, and the world on YouTube.",youtube.com,False,None
https://globalgamejam.org/,Error - Could not fetch,403 Client Error: Forbidden for url: https://globalgamejam.org/,N/A,N/A,N/A
https://www.facebook.com/groups/horsesandvideogames/,Error - Could not fetch,400 Client Error: Bad Request for url: https://www.facebook.com/login/?next=https%3A%2F%2Fwww.facebook.com%2Fgroups%2Fhorsesandvideogames%2F,N/A,N/A,N/A
https://boardgamearena.com/welcome,Play board games online! • Board Game Arena,Play board games online!,boardgamearena.com,False,None
https://www.polygon.com/gaming/611853/peak-steam-game-sales-survival-game-making-of-development,"The unlikely story behind Peak, the hot Steam game that’s sold millions | Polygon","Peak, the slapstick survival co-op game from Aggro Crab, was born after a game cancelation almost made the developers completely burn out.",polygon.com,False,None
https://www.nytimes.com/athletic/6485281/2025/07/10/college-football-26-video-game-review-ea/,EA Sports College Football 26 review: Is the video game’s new edition worth the upgrade? - The Athletic,"The new game is loaded across the board with minor upgrades that add up to a lot, along with a few actual big changes.",nytimes.com,False,None
https://www.techradar.com/gaming/fortnites-popular-blitz-royale-could-become-a-permanent-game-mode-as-epic-games-extends-it-by-four-more-weeks,Fortnite's popular Blitz Royale could become a permanent game mode as Epic Games extends it by four more weeks | TechRadar,"Epic Games has extended Fortnite's Blitz Royale play period by four more weeks, making fans wonder if the studio plans on making the mode a permanent feature.",techradar.com,False,None
https://www.britannica.com/games/revealed,"Revealed, a Daily Puzzle Game | Britannica","Uncover something interesting: Guess the topic using the fewest Reveals and Hints. Topics include People, Science & Tech, History & Society, and more.",britannica.com,False,None
https://www.drivethrurpg.com/en/,Error - Could not fetch,403 Client Error: Forbidden for url: https://www.drivethrurpg.com/en/,N/A,N/A,N/A
https://www.mdpi.com/journal/games,Games | An Open Access Journal from MDPI,"Games, an international, peer-reviewed Open Access journal.",mdpi.com,False,None
https://www.youtube.com/watch?v=qOJwpn43FF4,- YouTube,"Enjoy the videos and music you love, upload original content, and share it all with friends, family, and the world on YouTube.",youtube.com,False,None
https://www.vice.com/en/article/oh-no-my-love-of-ratshaker-and-cooking-games-has-been-combined-into-one-game-restaurats-is-screaming-my-name/,"Oh, No… My Love of ‘Ratshaker’ and Cooking Games Has Been Combined Into One Game. ‘Restaurats’ Is Screaming My Name",The premise and idea of 'Restaurats' is too silly to ignore. I already know that I'm going to be putting HOURS into this one.,vice.com,False,None
https://www.forbes.com/gaming/,Gaming,"Forbes' Gaming section is focused on the products dominating the market, the young entrepreneurial minds driving the industry, and all the idiosyncrasies emblematic of gaming. From million-dollar esports competitions to Let’s Play superstars on YouTube and Twitch, Games editor Matt Perez leads a team of savvy writers whose work resonates with gamers but also understand the inside moves of gaming companies and what they mean to players.",forbes.com,False,None
https://www.mlb.com/news/2025-mlb-all-star-game-mvp-predictions,2025 MLB All-Star Game MVP predictions,"It's a very simple question: Who will be the Most Valuable Player in the 2025 MLB All-Star Game presented by Mastercard? We've learned that as long as you're playing in the game, you've got as good a chance as anyone.
We've seen plenty of bona fide stars take home the",mlb.com,False,None
https://tabletopia.com/,"Play 2,500+ Board Games Online for Free • Tabletopia",Online sandbox arena for playing high-quality board games just like in real life.,tabletopia.com,False,None
https://forum.quartertothree.com/c/games/7,Games - Quarter To Three Forums,John made it. He’s the only one. Rest of us tried.,quartertothree.com,False,None
https://www.pcgamer.com/,PC Gamer,"PC Gamer is your source for exclusive reviews, demos, updates and news on all your favorite PC gaming franchises.",pcgamer.com,False,None
https://www.tuesdayknightgames.com/?srsltid=AfmBOorEp3d8cuerLEs-C1MzguBqkNup-DygVUMNvhV26_yfuZjf7nHf,"Tuesday Knight Games | Roleplaying Games, Tabletop Games, Board Games","Looking to buy awesome tabletop board games like Two Rooms and a Boom, That's Not Lemonade!, World Championship Russian Roulette? Or maybe you're looking for our sci-fi horror RPG (roleplaying game) Mothership and modules like Dead Planet, A Pound of Flesh, Gradient Descent? Then you're in the right place!",tuesdayknightgames.com,False,None
https://www.boardgameblitz.com/,Board Game Blitz,"Board Game Blitz is a bi-weekly podcast and video series about modern board games and card games hosted by Ambie, Cassadi, and Crystal.",boardgameblitz.com,False,None
https://www.facebook.com/StonemaierGames/,Error - Could not fetch,400 Client Error: Bad Request for url: https://www.facebook.com/login/?next=https%3A%2F%2Fwww.facebook.com%2FStonemaierGames%2F,N/A,N/A,N/A
https://thinkygames.com/,Thinky Games,"Discover games you'll love to solve. Join a community of puzzle fans and problem solvers - read news and reviews, find great games, watch streams, and more.",thinkygames.com,False,None
https://www.thesaurus.com/browse/game,1310 Synonyms & Antonyms for GAME | Thesaurus.com,"Find 1310 different ways to say GAME, along with antonyms, related words, and example sentences at Thesaurus.com.",thesaurus.com,False,None
https://www.dogpatch.games/,Dogpatch Games,No Description Found,dogpatch.games,False,None
https://www.gamesthatwerent.com/,Games That Weren't: Cancelled & Unreleased Video Games,"Games That Weren't is a Cancelled & Unreleased Video Games archive with lost prototypes, developer history and assets for many computers and consoles of all ages.",gamesthatwerent.com,False,None
https://www.youtube.com/watch?v=OBKPP5YY45E,- YouTube,"Enjoy the videos and music you love, upload original content, and share it all with friends, family, and the world on YouTube.",youtube.com,False,None
https://www.gamepressure.com/,"Gamepressure - Game News, Reviews and Guides - gamepressure.com","Gamepressure.com is a reliable source of news, reviews, guides, and walkthroughs for PC and console games. We also provide download section for accessing mods and interactive maps to assist with exploration of vast game worlds.",gamepressure.com,False,None
https://opencritic.com/,OpenCritic - Video Game Reviews from the Top Critics in Gaming - OpenCritic,"The top critics in gaming. All in one place. OpenCritic is a review aggregator for video games, collecting reviews from the top publications in gaming such as IGN, GameSpot, Polygon, and Eurogamer.",opencritic.com,False,None
https://wildlife.ca.gov/,California Department of Fish and Wildlife Home Page,"The Department of Fish and Wildlife manages California's diverse fish, wildlife, and plant resources, and the habitats upon which they depend, for their ecological values and for their use and enjoyment by the public.",ca.gov,Error,None
https://arxiv.org/list/cs.GT/recent,Computer Science and Game Theory,No Description Found,arxiv.org,False,None
https://www.sjgames.com/,Steve Jackson Games,"Steve Jackson Games - We make games you'll play over and over. Home to Munchkin, Zombie Dice, GURPS, Illuminati, Ogre, Car Wars, and more classic and new games!",sjgames.com,False,None
https://www.spiders-games.com/,Home - Spiders Studio,"Spiders is a video game development studio based in Paris. From original ideas, both in terms of the universe and gameplay, Spiders develops its own creations or work on unique IPs",spiders-games.com,False,None
https://games.aarp.org/games/word-wipe,Play the Word Wipe Puzzle Game if You Like Word Games,Play AARP’s Word Wipe. Word Wipe is a fun game where you clear as many lines as you can before the time runs out! This is a fun and challenging game.,aarp.org,False,None
https://www.agfc.com/news/lonoke-aquaculturist-named-to-agfc/,Error - Could not fetch,403 Client Error: Forbidden for url: https://www.agfc.com/news/lonoke-aquaculturist-named-to-agfc/,N/A,N/A,N/A
https://my.games/,MY.GAMES,"MY.GAMES is a leading European gaming company based in Amsterdam, with over a billion registered users worldwide.",my.games,False,None
https://x.com/revolving_games?lang=en,No Title Found,No Description Found,x.com,False,None
https://us.forums.blizzard.com/en/overwatch/t/this-game-is-a-joke/972754,This game is a joke - General Discussion - Overwatch Forums,"Waited for the patch on the 8th expecting some actual bug fixes. What do we get? Stadium garbage. 
I just wasted 1 hour of my life playing in a comp game for it to just shut down for absolutely no reason, when nothing wa&hellip;",blizzard.com,False,None
https://en.boardgamearena.com/gamepanel?game=sevenwonders,Play 7 Wonders online from your browser • Board Game Arena,Play 7 Wonders online from your browser with the whole world!,boardgamearena.com,False,None
https://www.gamingbible.com/news/platform/playstation/playstation-600-hour-free-game-899821-20250710,"PlayStation quietly drops 600-hour free game, RIP my social life",PlayStation Plus drops a huge 600-hour open-world RPG for free,gamingbible.com,False,None
https://thegameofnerds.com/,The Game of Nerds,Where there is no shame in having an unhealthy obsession with a fandom,thegameofnerds.com,False,Google AdSense
https://shows.acast.com/timesthegame,"The Game Football Podcast - 
      Hosted by The Times","Listen to episodes and learn more about The Game Football Podcast. The Game Football Podcast is the thinking fan's podcast for the debate, the tactics, the personalities, injuries, goals and analysis. From The Times and Sunday Times, it's the place for nuanced discussion around all the action throughout the 2024/25 season.Presented by Tom Clarke with contributors including Martin Samuel, Jonathan Northcroft, Charlotte Duncker, Hamzah Khalique-Loonat, Gregor Robertson, Alyson Rudd, Tom Allnutt and others.",acast.com,False,None
https://limitedgamenews.com/,Limited Game News -,No Description Found,limitedgamenews.com,False,None
https://www.gamespot.com/gallery/playstation-plus-extra-premium-games-for-july-2025-include-cyberpunk-2077/2900-6751/,PlayStation Plus Extra/Premium Games For July 2025 Include Cyberpunk 2077 - GameSpot,PS Plus subscribers are in for a treat this month with the new additions to the Game Catalog.,gamespot.com,False,None
https://lichess.org/,lichess.org • Free Online Chess,"Free online chess server. Play chess in a clean interface. No registration, no ads, no plugin required. Play chess with the computer, friends or random opponents.",lichess.org,False,None
https://forum.paradoxplaza.com/forum/threads/thoughts-after-completing-a-full-game-in-the-1-9-6-beta.1836179/,Client Challenge,No Description Found,paradoxplaza.com,False,None
https://www.techradar.com/gaming,"Game news, guides and reviews for PS5, Xbox Series X|S, Switch and PC | TechRadar Gaming","The latest Gaming breaking news, comment, reviews and features from the experts at TechRadar",techradar.com,False,None
https://gamekastle.com/pages/austin-tx-event-calendar?srsltid=AfmBOorOrwrUo44O-vp9oLM_4BAPmUfy2-Dguh_Ub087QKFxDiPGs4Vm,"Austin, TX - Event Calendar – Game Kastle",No Description Found,gamekastle.com,False,None
https://www.devgameclub.com/,Dev Game Club,No Description Found,devgameclub.com,False,None
https://thegamehaus.com/,Your Home For Games And Sports - The Game Haus,No Description Found,thegamehaus.com,False,None
https://www.boardgamebliss.com/?srsltid=AfmBOopbWcQBdZdmh8AMA058X2TFkRnU7-CJDr_RQVMTTYwbjEy6XtII,Buy Board Games Online in Canada – Board Game Bliss,"Discover modern board games at BoardGameBliss! Dive into a world of strategy, family fun, and exclusive titles. Join our game nights and events. With a vast selection, we cater to all gamers. Shop online or in-store at Richmond Hill, ON, for your next gaming adventure. Follow us for the latest releases and specials",boardgamebliss.com,False,None
https://www.atptour.com/en/news/ferrero-lopez-alcaraz-wimbledon-2025-sf,Juan Carlos Ferrero & Samuel Lopez assess Carlos Alcaraz's game ahead of Wimbledon semi-finals... | ATP Tour | Tennis,Carlos Alcaraz will face Taylor Fritz for a spot in a third consecutive Wimbledon final on Friday.,atptour.com,False,None
https://say.games/en,💚 SayGames | Free Online Games | Play Now!,Play Free Online Games at Say.Games. Hours of fun with our collection of browser games that you can play online right now. No downloads required!,say.games,False,None
https://escharts.com/top-games?order=peak,Error - Could not fetch,403 Client Error: Forbidden for url: https://escharts.com/top-games?order=peak,N/A,N/A,N/A
https://en.wikipedia.org/wiki/Everwild_(video_game),Everwild (video game) - Wikipedia,No Description Found,wikipedia.org,False,None
https://www.immersivegamebox.com/venues/sca-valley-fair-san-jose-california,"Valley Fair, San Jose, California | Immersive Gamebox","We have locations spread across the world, and all are ready to provide the perfect day out for your friends and family in one of our exciting, immersive gaming rooms.",immersivegamebox.com,False,None
https://grognardgames.com/?srsltid=AfmBOorpPNMCptRxq_GnOy6H_qNGKuA2zzqERFi-CoEsmlvMjnIJvdus,Grognard Games,"Grognard Games are tabletop hobby stores located in the Chicago Suburbs. We specialize in Miniature Games, Magic the Gathering, Board Games and Roleplaying Games. We have a wide selection of paints and the most diverse selection of miniatures in the Chicagoland area. Come in and play on one of our many gaming tables.",grognardgames.com,False,None
https://www.nasa.gov/stem-content/search-for-spinoffs-game/,Search For Spinoffs - Play NASA Game - NASA,"Students search a cluttered room for images of various objects in the Search For Spinoffs that were created from technology that NASA was responsible, or partly responsible for developing.",nasa.gov,Error,None
https://www.nytimes.com/crosswords,The Crossword — The New York Times,"Play the Daily New York Times Crossword puzzle edited by Will Shortz online. Try
        free NYT games like the Mini Crossword, Ken Ken, Sudoku & SET plus our new
        subscriber-only puzzle Spelling Bee.",nytimes.com,False,Google AdSense
https://edition.cnn.com/games,Take a break and unwind with CNN Games,"Explore games, puzzles, and other free activities on CNN.",cnn.com,False,None
https://gamefound.com/en/projects/greymarsh-games-preben/sky-empire/updates/14,Error - Could not fetch,403 Client Error: Forbidden for url: https://gamefound.com/en/projects/greymarsh-games-preben/sky-empire/updates/14,N/A,N/A,N/A
https://www.youtube.com/watch?v=uiRLhGrfcgw,- YouTube,"Enjoy the videos and music you love, upload original content, and share it all with friends, family, and the world on YouTube.",youtube.com,False,None
https://www.nrl.com/watch/matches/holden-state-of-origin/2025/round-3/blues-v-maroons--game-3-2025/,"Blues v Maroons – Game 3, 2025 | Watch",The Westpac New South Wales Blues and Queensland Maroons face off in Game 3 of the 2025 Ampol State of Origin series,nrl.com,False,None
https://www.igdb.com/,Error - Could not fetch,403 Client Error: Forbidden for url: https://www.igdb.com/,N/A,N/A,N/A
https://thegamefair.org/,The Game Fair Festival of the Countryside,"The Game Fair is the annual gathering for people passionate about countryside pursuits, and the Great British Countryside in all its glory",thegamefair.org,False,None
https://tech.yahoo.com/gaming/,"Gaming News, Updates, Products and Reviews | Yahoo Tech","Explore the latest in gaming with expert reviews, news, and insights on gaming systems, video games, previews, rumors and more.",yahoo.com,False,None
https://pc.wfclutch.com/,Warface: Clutch - Free-to-play online first person shooter,"Warface: Clutch is the online free to play shooter with 5 player Co-op, new daily content, PVP and intense tactical combat powered by CRYENGINE.",wfclutch.com,Error,None
https://www.instagram.com/p/DL57bkqsmaa/,Instagram,No Description Found,instagram.com,False,None
https://www.pcgamer.com/hardware/these-prime-day-board-game-deals-have-me-fixing-to-stock-up-for-my-next-night-of-tabletop-antics/,These Prime Day board game deals have me fixing to stock up for my next night of tabletop antics | PC Gamer,Some great videogame tie-ins to grab while they're cheap.,pcgamer.com,False,None
https://www.nin-nin-game.com/en/,Error - Could not fetch,403 Client Error: Forbidden for url: https://www.nin-nin-game.com/en/,N/A,N/A,N/A
https://store.steampowered.com/app/3439620/RunPunk_The_parkour_game/,RunPunk: The parkour game on Steam,No Description Found,steampowered.com,False,None
https://www.espn.com/mlb/recap/_/gameId/401696291,"Yankees 9-6 Mariners (Jul 9, 2025) Game Recap - ESPN","Expert recap and game analysis of the New York Yankees vs. Seattle Mariners MLB game from July 9, 2025 on ESPN.",espn.com,False,None
https://games.aarp.org/games/outspell,Outspell is a Word Game to Play at Your Own Level,Outspell is similar to the word game Scrabble. Set your level and play the computer to make your way to the AARP game leader board. It's a good game.,aarp.org,False,None
https://gam3s.gg/news/,"Latest Gaming News | Web3, NFT, Steam & Epic Games Updates | GAM3S.GG","Get the latest news from the world of gaming—covering Web3, NFT titles, and the biggest releases on Steam and Epic Games. Interviews, updates, and insights all in one place.",gam3s.gg,Error,None
https://frontlinegaming.org/,"- Tabletop Gaming: Store, Events, Paint Studio, Content","Tabletop Gaming: Store, Events, Paint Studio, Content",frontlinegaming.org,False,None
https://www.pcgamesn.com/,"PCGamesN | PC games news, reviews, guides, and hardware","The latest PC games news, features, updates, guides, and hands-on reviews. Plus all the latest from our hardware experts on your gaming PC needs.",pcgamesn.com,False,None
https://www.leagueoflegends.com/en-au/,League of Legends Homepage,League of Legends is a team-based game with over 140 champions to make epic plays with. Play now for free.,leagueoflegends.com,False,None
https://en.wikipedia.org/wiki/Unknown_Worlds_Entertainment,Unknown Worlds Entertainment - Wikipedia,No Description Found,wikipedia.org,False,None
https://www.gamedeveloper.com/latest-news,news,news,gamedeveloper.com,False,None
https://www.videogameschronicle.com/,VGC - Video Games Chronicle,"VGC is the expert source for video games news. We deliver daily exclusive news, insight and critique to a knowledgeable audience who trust our coverage.",videogameschronicle.com,False,None
https://www.gamefair.com/,America’s Original Since 1982 – Game Fair,"America’s Original Sport and Outdoor Show is Minnesota’s finest hunting event. Game Fair features everything from duck boats, archery, decoys, art, dogs, dog accessories, taxidermy, and all the latest in hunting for the outdoor enthusiast",gamefair.com,False,None
https://games-town.eu/,Games-Town.eu,CS2 Servers,games-town.eu,Error,None
https://www.gamesradar.com/games/fps/bioshock-creator-says-audiences-reward-single-player-games-that-dont-have-other-methods-of-monetization-like-baldurs-gate-3-kingdom-come-deliverance-2-and-clair-obscur-expedition-33/,"BioShock creator says ""audiences reward"" single-player games that don't have ""other methods of monetization,"" like Baldur's Gate 3, Kingdom Come: Deliverance 2, and Clair Obscur: Expedition 33 | GamesRadar+",I'm just grateful that we're allowed to not do that because that just frees us to purely design the game for the player's experience,gamesradar.com,False,None
